{
    "DIET": 1.0,
    "WEIGHT": 0.6068169564833334,
    "DIET RESTRICTIONS": 1.0,
    "GOAL SECONDARY": 0.42783941358983557,
    "HEALTH ISSUES": 0.39288249641474227,
    "ACTIVITY": 0.36578356437130966,
    "MIX INTENDED USE": 0.3143391048531937,
    "MIX TIMING": 0.3118983711078113,
    "AGE": 0.21712544907296735,
    "HEIGHT INCHES": 0.18895457129024454,
    "MACROS": 0.15631636471286045,
    "LOG TIMESTAMP DAYS": 0.14056061915115886,
    "DAY OF WEEK": 0,
    "KNOWLEDGE LEVEL": 0.09792541607286898,
    "GOAL PRIMARY": 0.09313306347119439,
    "BODY TYPE": 0.07200539032910867,
    "BODY FAT": 0.06512525187807194,
    "ACTIVITY LEVEL": 0.0628403667209899,
    "GENDER": 0.048633684378198726,
    "MIX FREQUENCY": 0.04770412672433928
  }
  