{
    "ACTIVITY": 1.0,
    "DIET": 1.0,
    "HEALTH ISSUES": 0.5571390714449036,
    "MIX TIMING": 0.2752839596971856,
    "DIET RESTRICTIONS": 1.0,
    "MACROS": 0.10122868688766773,
    "ACTIVITY LEVEL": 0.05654106343321067,
    "MIX FREQUENCY": 0.007153354515418501,
    "GOAL PRIMARY": 0.0016533947161322326,
    "DAY OF WEEK": 0,
    "MIX INTENDED USE": 0.0008153540296397024,
    "AGE": 0.000734354532801722,
    "BODY TYPE": 0.0007305236798956291,
    "WEIGHT": 0.000726579744483232,
    "HEIGHT INCHES": 0.0006424118678039685,
    "BODY FAT": 0.00048143198260794726,
    "GOAL SECONDARY": 0.00041654964446133374,
    "LOG TIMESTAMP DAYS": 0.00040823942460826903,
    "KNOWLEDGE LEVEL": 0.0003988820660071663,
    "GENDER": 9.217421546468168e-05
  }
  